Date_Time,Brand,Sales Rank,Market_Share,Market_Share_Percentage
01/04/2016,Chicco,2808.43661971831,1.0,100.0
01/05/2016,Chicco,1463.1,1.0,100.0
01/06/2016,Chicco,3564.4,1.0,100.0
01/07/2016,Chicco,3582.5113636363635,1.0,100.0
01/08/2016,Chicco,1533.9894736842105,1.0,100.0
01/09/2016,Chicco,1425.345238095238,1.0,100.0
01/10/2016,Chicco,1170.3508771929824,1.0,100.0
01/11/2016,Zacro,2021.0,2.0539432116621623,51.31316219834795
01/11/2016,Chicco,2130.019230769231,1.9488177246503728,48.68683780165205
01/12/2016,Chicco,3665.4666666666667,2.422301844239933,58.71695336491894
01/12/2016,Zacro,5213.4,1.7030856382910704,41.28304663508106
01/01/2017,Zacro,5773.25,1.650079492239454,39.396859078418075
01/01/2017,Chicco,3753.0714285714284,2.5382734141560244,60.60314092158195
01/02/2017,Zacro,8649.375,1.586950514001395,36.986062818142734
01/02/2017,Chicco,5076.755102040816,2.7037211419796514,63.01393718185726
01/03/2017,Chicco,4066.25,1.266482221539092,21.04113401728211
01/03/2017,Zacro,1083.5833333333333,4.752595554871953,78.9588659827179
01/04/2017,Zacro,887.5,4.004544600938967,75.02837152155767
01/04/2017,Chicco,2666.5333333333333,1.3328291414570728,24.97162847844233
01/05/2017,Zacro,201.1818181818182,21.82625395390872,95.41836174859993
01/05/2017,Chicco,4189.863636363636,1.0480163164346854,4.58163825140006
01/06/2017,Zacro,167.88888888888889,15.24916132271389,93.44226230651464
01/06/2017,Chicco,2392.2758620689656,1.0701795689831897,6.557737693485362
01/07/2017,Chicco,2524.1785714285716,1.0290193415113829,2.82009679903201
01/07/2017,Zacro,73.25,35.459775719161385,97.17990320096797
01/08/2017,Zacro,54.68421052631579,43.91712116351192,97.72298371681329
01/08/2017,Chicco,2346.8888888888887,1.0233007241140442,2.2770162831867027
01/09/2017,Chicco,2763.46875,2.0690549694111797,6.019320987740919
01/09/2017,GKONGU,2765.2,2.0677595653117318,6.0155523816870975
01/09/2017,Zacro,189.1,30.23674643046008,87.96512663057199
01/10/2017,GKONGU,1789.75,2.4131481034679805,12.258092045717781
01/10/2017,Chicco,2247.848484848485,1.9213625149975058,9.759963977421805
01/10/2017,Zacro,281.3333333333333,15.35165338216286,77.98194397686042
01/11/2017,GKONGU,2978.0,1.991245605025086,5.4078481854621785
01/11/2017,Chicco,2770.529411764706,2.1403596679335015,5.812813907667003
01/11/2017,Zacro,181.4,32.68979830079772,88.77933790687081
01/12/2017,Zacro,231.77777777777777,38.60103068072866,89.99149282578345
01/12/2017,GKONGU,3448.875,2.5941389905726098,6.047777384238316
01/12/2017,Chicco,5266.208333333333,1.6989189460053218,3.960729789978226
01/01/2018,Chicco,4430.391304347826,2.1853370914897523,8.840741420715727
01/01/2018,Zacro,472.10714285714283,20.50784147981989,82.9640993722025
01/01/2018,GKONGU,4779.4,2.0257560461993074,8.195159207081769
01/02/2018,Zacro,800.2,8.827136965758559,64.96671208208495
01/02/2018,Chicco,3847.875,1.83568203229055,13.510408474309688
01/02/2018,GKONGU,2415.4,2.9243500041401007,21.52287944360536
01/03/2018,Chicco,2911.65,14.223666891928065,10.069388739227294
01/03/2018,GKONGU,4570.125,9.061970888297882,6.415259040523215
01/03/2018,Zacro,354.7647058823529,116.7374854916266,82.64219984806992
01/03/2018,reer,33577.8,1.2333845488948756,0.8731523721795698
01/04/2018,Chicco,2257.764705882353,20.193825974973386,12.902905360836414
01/04/2018,reer,33553.0,1.3588325205801333,0.8682300934949683
01/04/2018,Zacro,350.39285714285717,130.11939779479215,83.14017746988345
01/04/2018,GKONGU,9431.75,4.833981770405832,3.088687075785158
01/05/2018,reer,30710.19230769231,1.938937233479373,0.0783178561799838
01/05/2018,Zacro,200.37391304347827,297.17009768520126,12.003341093067375
01/05/2018,Chicco,968.7894736842105,61.46344167660306,2.4826409552809436
01/05/2018,Royal Rascals,32.473684210526315,1833.642740585466,74.06478454433766
01/05/2018,Onco,19719.14285714286,3.0196614398544934,0.1219706374581222
01/05/2018,GKONGU,7694.24,7.738923573048989,0.3125918121105517
01/05/2018,Royal Rascals 2,219.92307692307693,270.7543753288051,10.936353101565368
01/06/2018,Onco,16759.9,3.451013050878583,0.16781828816330174
01/06/2018,GKONGU,6183.85,9.353175389348053,0.45483278666010984
01/06/2018,reer,32441.566666666666,1.7828557487899772,0.08669796242232818
01/06/2018,Chicco,1774.6734693877552,32.59114120378084,1.584864920958359
01/06/2018,Royal Rascals,41.758620689655174,1385.0704998440785,67.3541817554546
01/06/2018,Royal Rascals 2,524.3230769230769,110.31105853825586,5.364283686107447
01/06/2018,Zacro,112.56179775280899,513.8389292469931,24.987320600233858
01/07/2018,Onco,23168.25,3.771444738300126,0.6014315002195828
01/07/2018,Parenthings,20931.2,4.174522939827716,0.6657102963500586
01/07/2018,Zacro,426.8411214953271,204.70795843665795,32.6447351327065
01/07/2018,reer,34282.05128205128,2.548790731313952,0.40645512254564814
01/07/2018,Chicco,1994.170616113744,43.81659916763011,6.987423865525241
01/07/2018,Royal Rascals 2,383.8,227.66486336144317,36.30566793893264
01/07/2018,Royal Rascals,701.9615384615385,124.47658421517558,19.850254738316863
01/07/2018,GKONGU,5489.5,15.917255589420146,2.5383214054034697
01/08/2018,Chicco,1482.4773869346734,58.06213934371877,2.3153554226540884
01/08/2018,GKONGU,11900.429906542056,7.232999924380413,0.2884317695879476
01/08/2018,Royal Rascals 2,3512.279411764706,24.50710735763054,0.9772747707098443
01/08/2018,Onco,20486.852272727272,4.201514584487919,0.1675446286773229
01/08/2018,Parenthings,13347.719298245614,6.4487278081602035,0.25715719518108326
01/08/2018,Royal Rascals,38.611570247933884,2229.2750090555833,88.89724076903947
01/08/2018,Zacro,490.46315789473687,175.49903031164405,6.998409567672224
01/08/2018,reer,34816.9756097561,2.4722368070934255,0.09858587647800879
01/09/2018,Onco,27409.863636363636,3.4230941094181087,0.19071138780620953
01/09/2018,Zacro,517.3791946308725,181.34966331711723,10.103562702012727
01/09/2018,Royal Rascals 2,904.9709677419355,103.67906385737875,5.776288212552384
01/09/2018,Royal Rascals,66.3075,1415.021570012291,78.83532230396058
01/09/2018,Parenthings,11036.43137254902,8.501529125344383,0.473647047420776
01/09/2018,Chicco,1265.3966666666668,74.14792943998323,4.131015413087753
01/09/2018,reer,37729.2962962963,2.486835217300368,0.13854944689713206
01/09/2018,GKONGU,14896.897119341564,6.298395028302181,0.3509034862624408
01/10/2018,reer,40420.78453038674,2.702147793446941,0.11115661953707934
01/10/2018,Zacro,153.16617210682492,713.1008905282417,29.33440005473804
01/10/2018,Royal Rascals 2,569.3946587537092,191.82289831668933,7.890902554774258
01/10/2018,Royal Rascals,78.1144578313253,1398.2422301903048,57.518644975254155
01/10/2018,Parenthings,5727.724738675958,19.06916597975816,0.7844367479979646
01/10/2018,Onco,18939.571428571428,5.766916856598441,0.23723017093493765
01/10/2018,Karids,26235.728813559323,4.16313701457874,0.17125644952970923
01/10/2018,GKONGU,15873.829431438127,6.8806921606365945,0.283046872012874
01/10/2018,Chicco,1224.619496855346,89.18928206569325,3.6689255552209996
01/11/2018,Chicco,1038.8865979381444,95.61031194913629,4.724852658018635
01/11/2018,GKONGU,16119.316455696202,6.1620647489393106,0.3045157725601569
01/11/2018,Karids,7998.663265306122,12.418108928209952,0.6136758031731092
01/11/2018,Onco,27871.32786885246,3.5638155518111145,0.17611597577069726
01/11/2018,Parenthings,4180.378676470588,23.760591897503367,1.1741965222615196
01/11/2018,Royal Rascals 2,411.0568181818182,241.6412216393602,11.941381061040614
01/11/2018,Zacro,186.7986577181208,531.7397508205294,26.277416356251532
01/11/2018,reer,41432.056603773584,2.3973772931077773,0.11847314630287772
01/11/2018,Royal Rascals,89.78676470588235,1106.2685244759182,54.66937270462084
01/12/2018,Chicco,1015.964705882353,93.7802341027378,6.191972331467429
01/12/2018,Funbliss,2685.0,35.485068140695056,2.342951712689376
01/12/2018,reer,43858.15909090909,2.1723987037457597,0.1434356908490246
01/12/2018,Royal Rascals 2,881.1498371335505,108.12849749562582,7.139336675173796
01/12/2018,Zacro,154.59246575342465,616.3133985438457,40.69296209172869
01/12/2018,Parenthings,2984.459731543624,31.924507793069395,2.1078606898533123
01/12/2018,Onco,25214.43859649123,3.7786844863968043,0.24949297699003256
01/12/2018,GKONGU,17228.627530364374,5.530179800442361,0.36513792741086254
01/12/2018,Karids,1074.8355263157894,88.64370931648334,5.8528260320293075
01/12/2018,Royal Rascals,180.18047337278105,528.7887537105299,34.914023871808176
01/01/2019,Parenthings,299.5028735632184,383.5209509951165,15.214817464575031
01/01/2019,Royal Rascals,101.71304347826087,1129.3106858933572,44.80134892781972
01/01/2019,GKONGU,16975.521035598704,6.766544994634062,0.2684383908938055
01/01/2019,reer,43122.717948717946,2.6636917234979305,0.10567241046353248
01/01/2019,Funbliss,34369.5,3.342080242503837,0.1325850405557271
01/01/2019,Zacro,204.06571428571428,562.8854768513991,22.33046137774977
01/01/2019,Royal Rascals 2,543.6,211.30542107199346,8.382784310853685
01/01/2019,Onco,17097.613899613898,6.718225570489082,0.2665214911352611
01/01/2019,Karids,1017.4213649851632,112.89877610974946,4.478853804536052
01/01/2019,Chicco,1133.9710144927535,101.29502908512806,4.018516781417417
01/02/2019,Karids,499.1007371007371,154.78160841371485,10.204665498213924
01/02/2019,Royal Rascals,93.008,830.5910765624756,54.760408481259994
01/02/2019,GKONGU,17174.656050955415,4.49800069472863,0.2965506882300389
01/02/2019,Funbliss,13277.913793103447,5.818053653055591,0.383581046795952
01/02/2019,Chicco,735.8957816377172,104.97629797116278,6.921029035783223
01/02/2019,Royal Rascals 2,363.426433915212,212.5646558415882,14.01426973034458
01/02/2019,Zacro,457.497572815534,168.85688458083052,11.132640640431603
01/02/2019,reer,22822.037735849055,3.3849569325518742,0.22316833102175873
01/02/2019,Onco,18991.464285714286,4.067701873153234,0.2681813258525933
01/02/2019,Parenthings,2836.614457831325,27.233737963806284,1.7955052220663423
01/03/2019,reer,21657.222222222223,3.5711656305014947,0.25912518864464906
01/03/2019,Zacro,603.6666666666666,128.11959301844266,9.296408272533
01/03/2019,Royal Rascals 2,346.3412698412698,223.31016943946435,16.20347409485563
01/03/2019,Royal Rascals,93.46774193548387,827.4675952428402,60.04137553388266
01/03/2019,Parenthings,1047.5083333333334,73.83380655886576,5.357410165888023
01/03/2019,Onco,18157.123711340206,4.2595693503937975,0.3090760344573427
01/03/2019,Chicco,828.2170542635658,93.38316236545474,6.775919144580326
01/03/2019,Funbliss,10963.639175257733,7.0543663847196125,0.5118676111228819
01/03/2019,Karids,6058.96875,12.764800553251444,0.9262189698292171
01/03/2019,GKONGU,17585.372727272726,4.3980601862470685,0.31912498420627794
01/04/2019,Chicco,601.0522088353414,133.55305352332968,8.282460447123336
01/04/2019,Funbliss,5482.111111111111,14.642599573402723,0.9080792135433122
01/04/2019,GKONGU,17748.048128342245,4.522883712982117,0.2804923172585412
01/04/2019,Karids,288.8433734939759,277.90963955964196,17.23491553957583
01/04/2019,Onco,15085.369791666666,5.321205838868151,0.3300012671273622
01/04/2019,Parenthings,1072.603524229075,74.83879737818033,4.641222067504268
01/04/2019,Royal Rascals,124.11255411255411,646.7706541926871,40.11029490070967
01/04/2019,Royal Rascals 2,905.4040816326531,88.65915169296814,5.498308708038959
01/04/2019,Zacro,220.41304347826087,364.1905966641175,22.585737521590126
01/04/2019,reer,38744.4,2.071844132749556,0.12848801752859335
01/05/2019,Royal Rascals 2,348.79840848806367,287.9965688497117,11.111037413215398
01/05/2019,Royal Rascals,127.34626038781164,788.8158204166383,30.43286983519297
01/05/2019,Karids,117.23955431754875,856.8161611457647,33.05635362519255
01/05/2019,GKONGU,18498.48734177215,5.4303221127689865,0.20950427431054966
01/05/2019,Parenthings,5059.987841945289,19.852368820353508,0.765913335651601
01/05/2019,Zacro,257.04632152588556,390.7962746500012,15.07709639015621
01/05/2019,reer,42670.28703703704,2.354161451447733,0.09082460971066325
01/05/2019,Onco,9249.266025641025,10.860617976207529,0.4190075359101013
01/05/2019,Chicco,446.81117021276594,224.82147171246444,8.673713695508981
01/05/2019,Funbliss,23677.474903474904,4.242544666368121,0.16367928515097244
01/06/2019,Chicco,760.1305637982196,133.25618719521034,5.95845330252798
01/06/2019,Funbliss,50526.80392156863,2.0047201255699703,0.08963959951329029
01/06/2019,GKONGU,19079.838414634145,5.30885526916233,0.23738159463353106
01/06/2019,Royal Rascals,119.09939759036145,850.4837367077813,38.02876051308004
01/06/2019,Onco,15705.358974358975,6.449524704762799,0.288385797205302
01/06/2019,Karids,457.73313782991204,221.29073106333678,9.894853778095813
01/06/2019,Royal Rascals 2,382.1279069767442,265.0738112892153,11.852582304310994
01/06/2019,Parenthings,8540.81993569132,11.859763051437923,0.5303006622688329
01/06/2019,Zacro,140.1884498480243,722.5424121038874,32.30795741821799
01/06/2019,Soontrans,5580.0,18.15270621904952,0.8116850301462287
01/07/2019,Chicco,981.1304347826087,124.92942512044301,6.932626876847622
01/07/2019,Funbliss,64110.22935779816,1.911895533885691,0.10609556836719936
01/07/2019,GKONGU,20005.988764044945,6.126768470741617,0.3399887554716326
01/07/2019,Onco,12931.943820224718,9.478239535333188,0.525969747195276
01/07/2019,Parenthings,6438.142201834862,19.038420920654524,1.0564866398770438
01/07/2019,Royal Rascals,135.2293906810036,906.4010461653288,50.2983204140296
01/07/2019,Royal Rascals 2,551.8472727272728,222.11228947422504,12.325532004991198
01/07/2019,Soontrans,2639.1872791519436,46.443108510642716,2.5772370439936148
01/07/2019,Karids,14510.247422680412,8.44727575037583,0.4687591481889865
01/07/2019,Zacro,268.1152416356877,457.16185487176176,25.36898380103783
01/08/2019,Soontrans,2460.7345679012346,41.64587703178389,1.8571257488425097
01/08/2019,Royal Rascals 2,564.310975609756,181.60102080584625,8.098182960518027
01/08/2019,Royal Rascals,102.70481927710843,997.8056525874831,44.49541471648157
01/08/2019,Parenthings,162.54320987654322,630.4751167428718,28.114945746347765
01/08/2019,Onco,14156.840277777777,7.238864549707349,0.3228046257108422
01/08/2019,Karids,2467.1768292682927,41.53713183706728,1.8522764452483753
01/08/2019,GKONGU,16425.55319148936,6.239025744093221,0.278218546056887
01/08/2019,Funbliss,64293.07865168539,1.5939421687654443,0.07107909005064318
01/08/2019,Chicco,1458.4573170731708,70.26564851985539,3.1333748842832674
01/08/2019,Zacro,388.04938271604937,264.0886799133574,11.776577236460124
01/09/2019,Chicco,882.8502415458937,121.64326057588131,3.634308076174817
01/09/2019,Funbliss,67723.93333333333,1.5857434247545217,0.047376896245981924
01/09/2019,Karids,291.48275862068965,368.43613835011956,11.007682849188544
01/09/2019,Royal Rascals 2,566.3786407766991,189.61305079332553,5.665026065430556
01/09/2019,Parenthings,502.2705314009662,213.8146183537781,6.388090804279578
01/09/2019,Onco,15212.631578947368,7.059448026761317,0.21091352579282957
01/09/2019,Zacro,105.66028708133972,1016.3968407465472,30.36665763015687
01/09/2019,Soontrans,1412.0591133004925,76.0540270377429,2.2722488971467985
01/09/2019,Royal Rascals,79.71144278606965,1347.2693283205112,40.25205981422601
01/09/2019,GKONGU,20615.804054054053,5.2092453779763375,0.15563544135801852
01/10/2019,Chicco,1139.020618556701,108.74605449086228,4.14647012817257
01/10/2019,Karids,1258.4041450777202,98.42942645753342,3.753098707352329
01/10/2019,Onco,21969.275449101795,5.638055680932655,0.21497818538258165
01/10/2019,Parenthings,3771.2324324324322,32.844434934998375,1.252353190856428
01/10/2019,Royal Rascals,75.83419689119171,1633.3528055885527,62.27948819705349
01/10/2019,Royal Rascals 2,896.8324873096446,138.11274681111857,5.266217534543157
01/10/2019,Soontrans,2700.4043715846997,45.86868528104721,1.7489658289385819
01/10/2019,Zacro,224.42131979695432,551.9261644296936,21.044858725949354
01/10/2019,GKONGU,20798.686274509804,5.955376056784239,0.2270775619134299
01/10/2019,Funbliss,71029.88695652173,1.743829302834191,0.0664919398380707
01/11/2019,Chicco,1229.2169811320755,103.89055893106668,6.077323393834912
01/11/2019,Onco,19214.17032967033,6.646346786057708,0.3887937385460486
01/11/2019,Parenthings,4912.653266331658,25.994922151859505,1.5206343111430898
01/11/2019,Royal Rascals,157.65876777251185,810.0027738491259,47.38302360901467
01/11/2019,Royal Rascals 2,2171.5333333333333,58.808233452876514,3.440126384827814
01/11/2019,Soontrans,2075.855140186916,61.51876243439171,3.5986851736005234
01/11/2019,Funbliss,74464.78632478633,1.7149587814618121,0.10032056068690434
01/11/2019,GKONGU,21758.421686746988,5.869177510019215,0.3433313878682325
01/11/2019,Karids,1487.2009345794393,85.86871904668537,5.023093343903531
01/11/2019,Zacro,232.54245283018867,549.1644113284731,32.12466809657428
01/12/2019,Soontrans,1656.9024390243903,53.58491713992667,6.384294571556258
01/12/2019,Zacro,327.42687747035575,271.1597184385167,32.306917895032775
01/12/2019,GKONGU,12247.232558139534,7.249391197773712,0.8637178396707655
01/12/2019,Karids,2023.991935483871,43.86627157328013,5.226381124158406
01/12/2019,Onco,27690.772727272728,3.2063019973660665,0.3820100418015162
01/12/2019,Parenthings,7077.461206896552,12.544749778006391,1.494625394308623
01/12/2019,Royal Rascals,253.73790322580646,349.90822725075026,41.68929084925885
01/12/2019,Royal Rascals 2,2652.3595041322315,33.47396149192528,3.988204928698977
01/12/2019,Chicco,1439.597609561753,61.673469943516075,7.34799306195151
01/12/2019,Funbliss,33415.497142857144,2.657000119570058,0.3165642935623034
01/01/2020,Chicco,2589.676,24.85256774026819,4.452880746058404
01/01/2020,Soontrans,2977.156862745098,21.617973517190933,3.873332488197101
01/01/2020,GKONGU,14507.195744680852,4.4364258501816085,0.7948826638778651
01/01/2020,Karids,4034.3661417322833,15.952964097530254,2.858322223073715
01/01/2020,Onco,20900.827586206895,3.0793086039243724,0.5517254449072415
01/01/2020,Funbliss,13735.278538812785,4.685751223280962,0.8395547543025126
01/01/2020,Zacro,339.85130111524165,189.37723058333273,33.931070327193694
01/01/2020,Royal Rascals 2,2619.719008264463,24.567557822922645,4.401814989527849
01/01/2020,Royal Rascals,265.2566037735849,242.63334936717584,43.47306809662881
01/01/2020,Parenthings,2390.770428015564,26.92023352019133,4.82334826623281
01/02/2020,Chicco,1932.656779661017,34.40788321942176,4.285232024730025
01/02/2020,Funbliss,8984.278846153846,7.401665722593634,0.9218194211058408
01/02/2020,GKONGU,12707.691176470587,5.232943408392557,0.6517220642212038
01/02/2020,Karids,2219.1434782608694,29.965898748428213,3.7320176933784635
01/02/2020,Onco,30824.155279503106,2.1573544570747436,0.26868157942748644
01/02/2020,Parenthings,371.6008230452675,178.95178011944103,22.287040855143943
01/02/2020,Royal Rascals,170.44444444444446,390.14840873546285,48.58992472303448
01/02/2020,Royal Rascals 2,2758.26267281106,24.108881809297916,3.0025721649543184
01/02/2020,Soontrans,5973.614285714286,11.132059352547993,1.3864106935763925
01/02/2020,Zacro,556.7809917355372,119.43408587013309,14.87457878042784
01/03/2020,Chicco,2422.3670212765956,35.729756754494005,5.6803060160742485
01/03/2020,GKONGU,22782.125,3.799056692047865,0.6039728938409961
01/03/2020,Karids,2188.3736842105263,39.55018517394793,6.287676580730434
01/03/2020,Funbliss,11604.361963190184,7.458452667614577,1.1857425688499088
01/03/2020,Onco,25610.302631578947,3.3795221276924394,0.537275414587671
01/03/2020,Parenthings,683.876923076923,126.55871476245979,20.120266527182682
01/03/2020,Royal Rascals,332.374358974359,260.400906698696,41.39845807166731
01/03/2020,Royal Rascals 2,2903.229946524064,29.81182546148126,4.739475073468229
01/03/2020,Soontrans,2910.9101123595506,29.733169730261455,4.726970408902038
01/03/2020,VASEN,14111.57142857143,6.133305909863706,0.9750711346178023
01/03/2020,Zacro,1001.0913705583756,86.45622865777567,13.744785310078687
01/04/2020,Onco,20264.41176470588,5.279040747000538,1.5510008985968602
01/04/2020,Parenthings,1834.789029535865,58.30460815810559,17.130100709478455
01/04/2020,Chicco,2449.0905172413795,43.680155823875545,12.833384734182077
01/04/2020,Funbliss,5410.317307692308,19.772713749668917,5.809293442347407
01/04/2020,GKONGU,23044.35465116279,4.642206607182271,1.3638967691815869
01/04/2020,Karids,5632.588235294118,18.99245088599902,5.580049445058434
01/04/2020,Royal Rascals,1400.2217573221758,76.3997951470663,22.44653083858907
01/04/2020,Royal Rascals 2,3341.0991379310344,32.01840202985548,9.407120100021519
01/04/2020,Soontrans,8523.325791855204,12.551046156431697,3.6875418849564428
01/04/2020,VASEN,33443.833333333336,3.198695985404765,0.9397882277229662
01/04/2020,Zacro,1632.6238938053098,65.52437204048195,19.25129294986518
01/05/2020,Royal Rascals 2,1513.391812865497,62.69692961275668,17.735163374990194
01/05/2020,Royal Rascals,1073.627659574468,88.3779577785449,24.999589766698357
01/05/2020,Funbliss,3719.5641025641025,25.509714942764607,7.215966793807828
01/05/2020,GKONGU,19792.93859649123,4.793882399280061,1.3560518525682816
01/05/2020,Zacro,1451.1483516483515,65.38616114608195,18.495869854418732
01/05/2020,VASEN,15332.642857142857,6.188432147791613,1.7505299837489132
01/05/2020,Soontrans,7241.684210526316,13.102617734950112,3.7063548024543675
01/05/2020,Karids,9531.875,9.954496882066781,2.815841694476918
01/05/2020,Onco,29370.572815533982,3.230615233951651,0.9138484026210915
01/05/2020,Parenthings,3975.2236842105262,23.86910209471504,6.751884468325866
01/05/2020,Chicco,1882.3508771929824,50.4077221294925,14.258899005889464
01/06/2020,Onco,14077.701754385966,5.542663777300347,0.7098316018014464
01/06/2020,Parenthings,7707.372881355932,10.12380856392995,1.2965244759561736
01/06/2020,Royal Rascals,197.08823529411765,395.9037304546888,50.70215160781375
01/06/2020,Royal Rascals 2,1943.1849315068494,40.15467921581997,5.142484085778636
01/06/2020,Soontrans,2184.8571428571427,35.71307526295989,4.573661769451535
01/06/2020,Funbliss,13392.899159663866,5.826069968231657,0.7461265456320827
01/06/2020,Zacro,564.3684210526316,138.25714669885107,17.706160042336812
01/06/2020,GKONGU,24355.842696629214,3.2036652787411666,0.4102833849958228
01/06/2020,Chicco,676.3333333333334,115.3690994307629,14.774959466730639
01/06/2020,VASEN,3467.8581560283687,22.50033423253841,2.881547380658517
01/06/2020,Karids,9460.460869565217,8.247797719104,1.0562696388445683
01/07/2020,Soontrans,9353.951612903225,7.475755361993256,0.7228418343304344
01/07/2020,Parenthings,8628.09677419355,8.104667316103761,0.7836522606390294
01/07/2020,VASEN,5491.078740157481,12.734811725533781,1.2313477664527495
01/07/2020,Royal Rascals 2,650.707182320442,107.46439539305814,10.390891211616308
01/07/2020,Royal Rascals,183.9217877094972,380.2042966026253,36.762515340426695
01/07/2020,Zacro,467.25414364640886,149.6570011777234,14.470556621164505
01/07/2020,Onco,9489.709677419354,7.368808562434657,0.712500990225004
01/07/2020,Karids,6039.788321167884,11.577865019028541,1.1194808795553401
01/07/2020,GKONGU,11506.964285714286,6.077002777596267,0.5875943797360437
01/07/2020,Chicco,287.4088397790055,243.3044647469984,23.525468274768766
01/07/2020,Akapola,727.2083333333334,96.15931325409281,9.297786111878656
01/07/2020,Funbliss,17101.764227642278,4.088926323341513,0.39536432920647574
01/08/2020,Onco,14978.401869158879,3.552159230117719,0.43296504884730025
01/08/2020,Karids,1649.0522875816994,32.264391403847,3.9326372764354045
01/08/2020,Parenthings,8228.91452991453,6.465697056218888,0.7880899082569794
01/08/2020,Royal Rascals,1642.119718309859,32.400602622753226,3.949239768955237
01/08/2020,Royal Rascals 2,2709.253623188406,19.638496741892222,2.3936941308960207
01/08/2020,Soontrans,5913.008333333333,8.998070939966295,1.0967555145113443
01/08/2020,VASEN,4725.091666666666,11.260240478991458,1.3724864943223043
01/08/2020,Zacro,388.04624277456645,137.1116701749765,16.712246588359232
01/08/2020,GKONGU,6442.232758620689,8.258886390087026,1.006657899508021
01/08/2020,Akapola,126.03592814371258,422.1468372992612,51.454570077352855
01/08/2020,Chicco,411.01149425287355,129.45056086244293,15.778450451181095
01/08/2020,Funbliss,5992.5,8.878709795902413,1.0822068413741956
01/09/2020,Zacro,425.78735632183907,96.28120747902113,11.767879933037166
01/09/2020,Soontrans,4894.355371900827,8.37604090445224,1.0237537133015204
01/09/2020,Royal Rascals 2,2550.791044776119,16.071610757738494,1.9643374930542352
01/09/2020,Akapola,112.2797619047619,365.1176320692593,44.62615881258126
01/09/2020,Chicco,766.1395348837209,53.50894834344877,6.540080831308607
01/09/2020,Funbliss,768.6321839080459,53.33542057467541,6.518871563150877
01/09/2020,GKONGU,16672.78813559322,2.458816153757134,0.3005264893580703
01/09/2020,Karids,1643.7861635220127,24.939570429361325,3.048215514519761
01/09/2020,Onco,7665.453781512605,5.348061832273859,0.6536618221200706
01/09/2020,VASEN,4572.393442622951,8.965834045210674,1.0958406246262087
01/09/2020,Parenthings,545.4529411764706,75.15830917978982,9.1861535761334
01/09/2020,Royal Rascals,377.4610778443114,108.60807432144283,13.2745196268088
01/10/2020,Akapola,102.41071428571429,490.8891316750983,53.68897175001794
01/10/2020,Chicco,814.3953488372093,61.72960919008132,6.751421105284263
01/10/2020,Zacro,704.0727272727273,71.4021501793913,7.809315335196986
01/10/2020,VASEN,2350.9583333333335,21.383750574031534,2.3387594191807777
01/10/2020,Soontrans,4694.209677419355,10.709429289400237,1.1712996061155034
01/10/2020,Royal Rascals 2,2104.3169014084506,23.890083559321734,2.6128792400539878
01/10/2020,Royal Rascals,953.8159509202454,52.706506492618374,5.764556506818814
01/10/2020,Parenthings,338.30357142857144,148.60117023788277,16.252639376424014
01/10/2020,Onco,8589.512195121952,5.852754553220252,0.640120861497515
01/10/2020,Karids,2950.2296296296295,17.040133454375226,1.8636942328028656
01/10/2020,GKONGU,20063.91489361702,2.5056080469088378,0.27404053373123455
01/10/2020,Funbliss,6606.166666666667,7.609905887419464,0.8323020328760816
01/11/2020,Akapola,72.15976331360947,816.5751979850694,56.61194880678515
01/11/2020,Chicco,1091.9719101123596,53.960978729117095,3.7410347178247942
01/11/2020,Funbliss,9234.475,6.380857927967361,0.4423754275819462
01/11/2020,Onco,9725.525,6.05868300316604,0.4200395173134399
01/11/2020,Parenthings,401.6327683615819,146.71082057059255,10.171243853644071
01/11/2020,KeaBabies,14806.809523809523,3.979511786088429,0.2758936569050136
01/11/2020,Royal Rascals 2,2003.2953020134228,29.413473368177247,2.039192535675612
01/11/2020,Karids,3884.8661417322833,15.167542680915105,1.051543264962592
01/11/2020,Zacro,303.6300578034682,194.06468990796122,13.454217465070517
01/11/2020,VASEN,1986.711409395973,29.658999659281783,2.056214509716739
01/11/2020,Royal Rascals,512.2586206896551,115.02758691505676,7.9746921996549425
01/11/2020,GKONGU,12027.672268907563,4.8990254886383156,0.33964217974080446
01/11/2020,Soontrans,2872.8652482269504,20.510489676023795,1.4219618651243744
01/12/2020,KeaBabies,15413.223300970874,3.4662818551095342,0.5616782531266374
01/12/2020,Onco,2821.463087248322,18.935770061415887,3.0683627859130533
01/12/2020,Parenthings,3712.299270072993,14.391775115656642,2.3320512999938936
01/12/2020,GKONGU,6999.154471544715,7.63329006012287,1.2369025964402587
01/12/2020,Royal Rascals 2,3841.8091603053435,13.90661899839411,2.2534363310362955
01/12/2020,Soontrans,2905.0152671755727,18.391151626838536,2.980112509755316
01/12/2020,VASEN,2885.1532846715327,18.517760058280334,3.0006282108944218
01/12/2020,Funbliss,6973.138211382114,7.661769297745982,1.2415173880547803
01/12/2020,Chicco,1271.5838150289017,42.0157724763841,6.80825930341315
01/12/2020,Akapola,147.10227272727272,363.19341140268835,58.852063793675505
01/12/2020,Zacro,1001.437125748503,53.349905733696716,8.64484860421907
01/12/2020,Karids,4212.203125,12.68376065242742,2.0552836797822054
01/12/2020,Royal Rascals,1242.993865030675,42.982172124870736,6.964855243695396
01/01/2021,Soontrans,6039.48031496063,19.28379121361616,0.7968612677393355
01/01/2021,VASEN,7383.328,15.77392707359683,0.6518236681705443
01/01/2021,Chicco,1675.8121212121212,69.4970969348322,2.8718183138485105
01/01/2021,Funbliss,11818.532786885246,9.854360057424644,0.4072102711096889
01/01/2021,Akapola,54.377245508982035,2141.7796422440706,88.50444510785928
01/01/2021,GKONGU,15307.351063829787,7.608375671715148,0.3143997887157757
01/01/2021,Parenthings,7382.243902439024,15.77624350693248,0.6519193898045337
01/01/2021,Zacro,1913.9367088607594,60.85053747768334,2.5145178092806053
01/01/2021,Royal Rascals 2,7757.723577235773,15.012661417093693,0.6203659994264866
01/01/2021,Karids,4941.592,23.568128941532517,0.9739023254583319
01/01/2021,KeaBabies,38308.602150537634,3.0401547144630294,0.12562786606920728
01/01/2021,Onco,9294.69918699187,12.53016101859859,0.5177820006269449
01/01/2021,Royal Rascals,4586.3983739837395,25.39336270767186,1.0493261918907508
01/02/2021,VASEN,5027.181818181818,24.20681193853682,0.5832820678085147
01/02/2021,Soontrans,10830.62385321101,11.235922002542837,0.2707383291950552
01/02/2021,Royal Rascals 2,8501.1,14.31485864812305,0.3449277159612826
01/02/2021,Parenthings,8260.861111111111,14.731157347492422,0.3549587587442274
01/02/2021,Onco,5536.55303030303,21.979748805349807,0.5296192396441237
01/02/2021,KeaBabies,54802.0375,2.2205751903578195,0.05350649610716498
01/02/2021,Funbliss,13827.844036697248,8.800507478288333,0.21205511129403978
01/02/2021,Chicco,1517.9577464788733,80.16826893623455,1.9317171462514555
01/02/2021,Akapola,31.377777777777776,3878.2875484491137,93.45037200929934
01/02/2021,Royal Rascals,5124.309090909091,23.747990742683672,0.5722264122124323
01/02/2021,Karids,5763.638888888889,21.113752474700682,0.5087523806897867
01/02/2021,Zacro,2468.56,49.29677417342859,1.1878443327925834
01/03/2021,KeaBabies,58601.20547945205,2.031895452994002,0.05665218129867358
01/03/2021,Karids,6347.717391304348,18.758163858520273,0.5230047137401878
01/03/2021,Funbliss,14196.307692307691,8.387499449464952,0.23385560450634862
01/03/2021,Chicco,1518.6695652173912,78.40515519689184,2.1860490215773263
01/03/2021,Akapola,46.470588235294116,2562.2985952054673,71.44058733091977
01/03/2021,Zacro,2661.5,44.73850195516281,1.2473740812108742
01/03/2021,VASEN,4703.413043478261,25.315982639196452,0.7058461773299042
01/03/2021,Soontrans,8299.912087912087,14.346118572397948,0.39999051580049777
01/03/2021,Royal Rascals 2,9020.58695652174,13.199975071198557,0.368034378820828
01/03/2021,Royal Rascals,5304.29347826087,22.448140066470465,0.6258865823976316
01/03/2021,Parenthings,8219.21978021978,14.486961796571142,0.4039174284075378
01/03/2021,Onco,152.2268907563025,782.1976942581415,21.80880198399041
01/04/2021,Akapola,94.24817518248175,1150.4073069145752,31.485056757709636
01/04/2021,Chicco,1791.8428571428572,60.50965293138297,1.6560655043504284
01/04/2021,Funbliss,14539.18691588785,7.457348888940322,0.20409732415561221
01/04/2021,Karids,5098.853211009175,21.26434806147959,0.5819757937969121
01/04/2021,KeaBabies,60339.01204819277,1.7969102528011869,0.04917894814984589
01/04/2021,Royal Rascals 2,9269.355140186915,11.69701535365982,0.32013113102829727
01/04/2021,Soontrans,4346.412698412699,24.945580854042706,0.682726043482868
01/04/2021,Onco,49.316901408450704,2198.511794066465,60.17022684281048
01/04/2021,VASEN,4169.285714285715,26.005363226076526,0.711730821124447
01/04/2021,Parenthings,1862.5144927536232,58.213662129948545,1.593227411908001
01/04/2021,Royal Rascals,5375.242990654206,20.170955914328996,0.5520511630991111
01/04/2021,Zacro,1488.5182481751824,72.84008074890032,1.9935322583843573
01/05/2021,Onco,1980.2928571428572,61.57655931639549,2.84975949377741
01/05/2021,Parenthings,823.464705882353,148.08117422717174,6.853187914174801
01/05/2021,Royal Rascals,4108.606299212598,29.67907161244941,1.3735456646658943
01/05/2021,KeaBabies,58629.322222222225,2.079840188489724,0.09625487991678422
01/05/2021,Funbliss,14655.847457627118,8.320202631355329,0.3850584817028484
01/05/2021,Royal Rascals 2,8803.760683760684,13.850855896914585,0.6410167850782362
01/05/2021,Chicco,913.170731707317,133.53430672674543,6.179959753584412
01/05/2021,Akapola,89.44680851063829,1363.2640740579207,63.0917800653699
01/05/2021,Karids,1135.2993630573249,107.40745969707227,4.97081083081476
01/05/2021,Soontrans,4636.107692307693,26.302154452541235,1.2172621398476147
01/05/2021,VASEN,8063.341463414634,15.122715704768492,0.6998783811534901
01/05/2021,Zacro,498.4909090909091,244.6175413791819,11.320885230172326
01/05/2021,naosummy,17602.469387755104,6.927415574232837,0.3206003797415019
01/06/2021,Zacro,449.58,207.02806306820858,15.14780389522738
01/06/2021,Royal Rascals 2,4217.277108433735,22.070087926655788,1.614821483178648
01/06/2021,Royal Rascals,449.93203883495147,206.86607878650787,15.13595184919581
01/06/2021,Parenthings,5461.0722891566265,17.043480046769208,1.2470352550978667
01/06/2021,Onco,3173.0232558139537,29.33343662819425,2.1462652890230283
01/06/2021,naosummy,43821.13636363636,2.1239904830820686,0.15540787483702773
01/06/2021,KeaBabies,4232.746987951808,21.98942598249743,1.6089196199538736
01/06/2021,Karids,1405.436170212766,66.22547403210397,4.845577351396435
01/06/2021,Funbliss,12070.2,7.711195886911997,0.5642118337075047
01/06/2021,Chicco,134.95876288659792,689.6601199020629,50.46096696172817
01/06/2021,Akapola,1331.8105263157895,69.8865752710951,5.113452357262379
01/06/2021,VASEN,5016.46511627907,18.554036445337324,1.3575594601697756
01/06/2021,Soontrans,11312.037974683544,8.228020167763715,0.6020267692220898
01/07/2021,Onco,493.81176470588235,153.17046262236315,5.594666373361135
01/07/2021,Zacro,604.9882352941177,125.02288810888048,4.566555039581913
01/07/2021,naosummy,9592.95652173913,7.884678334250706,0.2879938075930383
01/07/2021,VASEN,12433.028985507246,6.0835840193514725,0.22220748282582783
01/07/2021,Akapola,36.25675675675676,2086.1594696902907,76.19854399291427
01/07/2021,Chicco,345.5882352941176,218.86559993569605,7.994230684441203
01/07/2021,GKONGU,5619.30985915493,13.46026084059732,0.4916461530002898
01/07/2021,Karids,6088.521126760564,12.422947194175029,0.4537574917211529
01/07/2021,KeaBabies,2400.4266666666667,31.509971747397213,1.1509254221902723
01/07/2021,Soontrans,3520.141025641026,21.487030177886638,0.784829941370609
01/07/2021,Funbliss,14883.25,5.082047029268845,0.1856255908333275
01/07/2021,Parenthings,8482.028571428571,8.91736874161772,0.325713601587741
01/07/2021,Royal Rascals 2,9223.536231884058,8.200474801291627,0.29952851111702006
01/07/2021,Royal Rascals,1913.5324675324675,39.52761593112722,1.4437759074622265
01/08/2021,naosummy,14476.166666666666,5.6848995601183745,0.11879900155588481
01/08/2021,Zacro,1152.2592592592594,71.42103901897742,1.492506250253212
01/08/2021,VASEN,8940.280303030304,9.205030572435135,0.19236020438572504
01/08/2021,Soontrans,8346.91935483871,9.859392431751106,0.2060345947106389
01/08/2021,Royal Rascals 2,5340.811475409836,15.40881079484621,0.3220024062400766
01/08/2021,Akapola,25.152173913043477,3271.906189900212,68.3739764325002
01/08/2021,Onco,290.92899408284023,282.87161193738035,5.911250447134505
01/08/2021,MyHappyRide,776.3095238095239,106.00868724589515,2.21529440720676
01/08/2021,KeaBabies,3829.351145038168,21.490730517666677,0.44909805374859135
01/08/2021,Karids,5621.34074074074,14.639844355830542,0.30593309064021695
01/08/2021,GKONGU,14248.71794871795,5.7756461887813755,0.12069536028055906
01/08/2021,Chicco,96.96341463414635,848.7278818103074,17.736113696546298
01/08/2021,Parenthings,2903.404255319149,28.344503995530406,0.5923233539407835
01/08/2021,Royal Rascals,928.922619047619,88.59247458082933,1.8513427395273945
01/08/2021,Funbliss,15318.02564102564,5.37246479697258,0.11226996132913068
01/09/2021,Royal Rascals,481.319018404908,134.0314052262451,4.53039181459066
01/09/2021,Parenthings,5101.675,12.64523208533016,0.42742113936862036
01/09/2021,Royal Rascals 2,3774.830508474576,17.09000291644783,0.5776587150848213
01/09/2021,Soontrans,11084.868421052632,5.819813275943299,0.19671534729695395
01/09/2021,VASEN,5130.16806722689,12.57500018587083,0.4250472328808339
01/09/2021,Zacro,4941.060344827586,13.056279400930455,0.44131493829478713
01/09/2021,naosummy,6478.032,9.958559080740375,0.33660897957719343
01/09/2021,MyHappyRide,177.19108280254778,364.08076173232314,12.30628374012652
01/09/2021,KeaBabies,1989.090909090909,32.432838591782186,1.0962614786596192
01/09/2021,Karids,3906.7862595419847,16.512770372671948,0.5581476938654039
01/09/2021,GKONGU,17284.398230088496,3.732375494949264,0.12615792069593162
01/09/2021,Funbliss,2823.8283582089553,22.845533161174185,0.772201233424631
01/09/2021,Onco,733.748502994012,87.92094857528208,2.971813546863483
01/09/2021,Akapola,30.52413793103448,2113.4704785007634,71.43735708818772
01/09/2021,Chicco,574.3435582822086,112.32277870735392,3.796619131082806
01/10/2021,naosummy,6851.106870229008,10.201700915629639,0.33056022717065553
01/10/2021,VASEN,2921.4545454545455,23.924022141586057,0.775197220479423
01/10/2021,Soontrans,1729.3687943262412,40.41529109372066,1.3095549375144495
01/10/2021,Royal Rascals 2,7947.336206896552,8.794511948599832,0.28496384001322006
01/10/2021,Akapola,34.734848484848484,2012.1850613967533,65.19975016966649
01/10/2021,Chicco,1456.3169014084508,47.99294931171648,1.5550897206528829
01/10/2021,Funbliss,6872.831858407079,10.169453388503369,0.32951532789545523
01/10/2021,GKONGU,17365.14912280702,4.024897381347325,0.13041658481463464
01/10/2021,Karids,1848.4892086330935,37.810847315022016,1.2251645467100265
01/10/2021,KeaBabies,5047.9296875,13.845863068212909,0.4486400531689933
01/10/2021,MyHappyRide,97.38311688311688,717.7110927244204,23.25560647346631
01/10/2021,Onco,608.2098765432099,114.91583074633988,3.7235558492816505
01/10/2021,Parenthings,8143.336206896552,8.582838956335829,0.27810511390594106
01/10/2021,Royal Rascals,2900.9307692307693,24.09328205016939,0.7806816582506254
01/10/2021,Zacro,6068.365217391304,11.517590113196526,0.3731982770092569
01/11/2021,Akapola,53.262135922330096,1576.2787622638732,58.63922025246663
01/11/2021,Parenthings,8906.905882352941,9.42594148811214,0.3506548919141895
01/11/2021,Funbliss,8257.376470588235,10.167390815499521,0.3782375831586418
01/11/2021,Onco,1078.544642857143,77.84190876399443,2.895800503160086
01/11/2021,MyHappyRide,125.28440366972477,670.1231057339406,24.929281123449762
01/11/2021,RAVIAN,11780.955555555556,7.126414601198412,0.26511008421498505
01/11/2021,Chicco,1644.6346153846155,51.048404856507695,1.89905410615228
01/11/2021,Royal Rascals 2,9234.282352941176,9.0917702619782,0.3382233724390672
01/11/2021,Soontrans,3034.978947368421,27.662786181755056,1.0290846077118414
01/11/2021,Royal Rascals,3792.195652173913,22.139146127403023,0.8235994146757424
01/11/2021,Zacro,6355.139534883721,13.210720744421357,0.4914526427504278
01/11/2021,naosummy,4236.602040816327,19.816818497071694,0.7372063954500028
01/11/2021,KeaBabies,1614.4174757281553,52.00388062530961,1.9345988050938567
01/11/2021,Karids,686.4414414414415,122.30609724098764,4.549914866602304
01/11/2021,GKONGU,17587.435294117648,4.773633692643115,0.1775841711560379
01/11/2021,VASEN,5567.517241379311,15.079607309196444,0.5609771796041296
01/12/2021,Karids,625.7538461538461,152.823562521408,6.130178217897523
01/12/2021,Akapola,71.2,1343.1170229031436,53.876160076655964
01/12/2021,BOHAICO,1610.6842105263158,59.372241564009165,2.381585771058399
01/12/2021,Chicco,2534.1,37.73723690095254,1.5137455496854526
01/12/2021,Funbliss,13192.214285714286,7.248967456074489,0.29077624986821593
01/12/2021,GKONGU,7401.701754385965,12.919992618459288,0.5182568448107017
01/12/2021,KeaBabies,7348.672727272728,13.013225051620232,0.521996657059122
01/12/2021,Parenthings,7807.8,12.247999696547533,0.491301339360371
01/12/2021,Onco,1622.4354838709678,58.942209401473654,2.3643359847540046
01/12/2021,naosummy,4808.701754385965,19.886850321603085,0.7977168877148906
01/12/2021,Zacro,6306.8,15.162987890959572,0.6082296247634149
01/12/2021,MyHappyRide,170.76923076923077,559.9950974770944,22.462961156285026
01/12/2021,Soontrans,7223.122807017544,13.239416604933762,0.5310698294830457
01/12/2021,VASEN,7442.490909090909,12.849183586357233,0.5154164975562551
01/12/2021,Royal Rascals,699.25,136.76071795595828,5.48585283869561
01/12/2021,RAVIAN,13316.849056603774,7.181123073801104,0.2880548229654714
01/12/2021,PROLYR,8458.0,11.306447390719299,0.45353305715983744
01/12/2021,Royal Rascals 2,4989.3859649122805,19.166673555266858,0.7688285942266938
01/01/2022,Parenthings,7609.145161290323,13.148139553564926,0.47421872524697006
01/01/2022,RAVIAN,31199.51923076923,3.206655260421838,0.11565560007244001
01/01/2022,Royal Rascals,1564.8783783783783,63.932190415751215,2.3058655346401356
01/01/2022,Royal Rascals 2,1896.7536231884058,52.745966181840174,1.9024079218789625
01/01/2022,Soontrans,803.9620253164557,124.44132846274461,4.48827059609676
01/01/2022,VASEN,3795.0,26.36260934492186,0.9508298072743735
01/01/2022,Karids,2924.4202898550725,34.21057595963285,1.2338852698854281
01/01/2022,naosummy,8678.126984126984,11.528536358936796,0.41580390851693105
01/01/2022,GKONGU,6991.888888888889,14.308880483350647,0.5160835899924711
01/01/2022,Onco,3115.4857142857145,32.112521654401476,1.1582139831552856
01/01/2022,MyHappyRide,363.3625,275.33414280223866,9.930576541625092
01/01/2022,KeaBabies,6149.825396825397,16.268120801547195,0.5867482222290312
01/01/2022,Zacro,2785.705882352941,35.914093838031,1.2953266679964148
01/01/2022,Chicco,203.7536231884058,491.01508428867726,17.709619402790462
01/01/2022,Funbliss,14045.63492063492,7.122932001955805,0.2569053758691268
01/01/2022,Akapola,68.9090909090909,1451.8563682107692,52.364631008797794
01/01/2022,BOHAICO,6892.9682539682535,14.514226495440818,0.5234898792010114
01/01/2022,PROLYR,956.7625,104.56733250308038,3.771467964731317
01/02/2022,BOHAICO,15085.66037735849,8.484590986952163,0.19235049669030185
01/02/2022,naosummy,11068.933962264151,11.563503631543547,0.26215119508153273
01/02/2022,Soontrans,1496.3684210526317,85.5375295743796,1.9391843784332636
01/02/2022,Royal Rascals 2,3704.810810810811,34.54850047847515,0.7832341284523129
01/02/2022,Royal Rascals,466.7945205479452,274.20128650976864,6.2162989040229535
01/02/2022,RAVIAN,40890.148148148146,3.130232192023837,0.07096414167962674
01/02/2022,PROLYR,413.27891156462584,309.7076925250808,7.02124929505956
01/02/2022,Onco,97.56164383561644,1311.9465092820662,29.742572515232542
01/02/2022,MyHappyRide,491.9731543624161,260.1679724493019,5.8981557037328205
01/02/2022,MAPALOU,15559.115789473684,8.22640950821582,0.18649737592731602
01/02/2022,KeaBabies,8624.654205607476,14.840671291695207,0.3364464472789525
01/02/2022,Karids,1443.4264705882354,88.67487238043758,2.0103097217716788
01/02/2022,GKONGU,8357.869158878504,15.314388827682034,0.34718589287840435
01/02/2022,Funbliss,5736.433333333333,22.31275962473033,0.5058429337310836
01/02/2022,Chicco,1490.409090909091,85.87954733413822,1.9469381153037437
01/02/2022,Parenthings,7698.065420560748,16.626990169256533,0.37694331081363325
01/02/2022,Akapola,74.47916666666667,1718.543101358866,38.960348193379964
01/02/2022,Zacro,1159.900709219858,110.35053005187511,2.501709192365095
01/02/2022,VASEN,4135.774774774774,30.948411129793108,0.7016180581652042
01/03/2022,Karids,1477.4654088050315,92.63651514730476,1.6069158470517648
01/03/2022,Akapola,112.55294117647058,1216.02550134868,21.093740901512245
01/03/2022,BOHAICO,19380.347107438018,7.06216694487673,0.12250361491040762
01/03/2022,Chicco,607.6130952380952,225.25394497752595,3.9073591360786843
01/03/2022,Funbliss,2604.21897810219,52.555967018613536,0.9116601172339882
01/03/2022,GKONGU,7786.860655737705,17.576691400216113,0.3048934203195521
01/03/2022,KeaBabies,11612.40650406504,11.78629482824894,0.204450522641325
01/03/2022,MAPALOU,20947.495145631066,6.533824009546649,0.11333873393329268
01/03/2022,MyHappyRide,654.4797687861271,209.12372429209807,3.6275568659410395
01/03/2022,Onco,42.152866242038215,3246.9262217308287,56.32268432821098
01/03/2022,PROLYR,541.2441860465116,252.87522757911808,4.386490682184615
01/03/2022,Parenthings,3132.0344827586205,43.699150656169266,0.7580256832895768
01/03/2022,Royal Rascals,1424.6580645161291,96.07024319121214,1.6664788822053098
01/03/2022,RAVIAN,43391.52688172043,3.1542390083545153,0.05471488904622492
01/03/2022,Soontrans,1195.63125,114.47279144166409,1.9856979975051834
01/03/2022,VASEN,4632.629921259842,29.54417880312035,0.5124869931837694
01/03/2022,Zacro,1370.9930555555557,99.83073668226905,1.7317101419726433
01/03/2022,naosummy,10922.057377049181,12.531269704734296,0.2173732014875249
01/03/2022,Royal Rascals 2,5030.879032258064,27.205433850583862,0.4719180412918809
01/04/2022,Chicco,242.13496932515338,785.5055023720747,10.071118276035584
01/04/2022,BOHAICO,20246.183908045976,9.394281489560871,0.120445903579329
01/04/2022,naosummy,11539.964601769912,16.481710064555166,0.21131519887538117
01/04/2022,Amoever,584.8709677419355,325.1971139137194,4.169415220339413
01/04/2022,Zacro,890.4329268292682,213.60210858203155,2.7386340299895937
01/04/2022,Akapola,162.4723926380368,1170.650272537894,15.009134014974604
01/04/2022,BEARTOP,55177.10256410256,3.447052162636424,0.04419532381217072
01/04/2022,Funbliss,4023.974358974359,47.266292911985595,0.606010301581399
01/04/2022,VASEN,2767.6136363636365,68.72286948676219,0.8811092281081189
01/04/2022,Karids,2397.921875,79.31799309416681,1.016951361202236
01/04/2022,KeaBabies,9642.53982300885,19.724922500994367,0.25289705405405716
01/04/2022,MAPALOU,17426.227722772277,10.914487848282493,0.13993676391885945
01/04/2022,MyHappyRide,464.82312925170066,409.1843515355914,5.246231870525936
01/04/2022,Onco,49.18471337579618,3867.0216347178757,49.57983380335991
01/04/2022,PROLYR,680.5939393939394,279.45936587529826,3.58300268881234
01/04/2022,Parenthings,1105.5283018867924,172.04295032247674,2.20579600782358
01/04/2022,RAVIAN,44152.19277108434,4.307789461504709,0.055231003530925624
01/04/2022,Royal Rascals,1869.7448275862068,101.72422884418017,1.3042260520575955
01/04/2022,Royal Rascals 2,3677.5338983050847,51.71899321152711,0.6630992350503595
01/04/2022,GKONGU,11810.424778761062,16.10427688118714,0.2064760548852739
01/04/2022,Soontrans,1286.8846153846155,147.7975169240455,1.8949406074833246
01/05/2022,reer,21768.59375,13.499988361769923,0.10761111394320237
01/05/2022,naosummy,11627.320388349515,25.274590573040257,0.20146882894546725
01/05/2022,Onco,45.203252032520325,6501.208410086868,51.8224357116884
01/05/2022,BEARTOP,106950.84126984127,2.747764849606345,0.02190298453571023
01/05/2022,BOHAICO,11004.060606060606,26.70611993133173,0.21287983647821349
01/05/2022,Chicco,604.7202797202797,485.9697485472672,3.8737623013041707
01/05/2022,Funbliss,4865.851851851852,60.3955424917538,0.4814249783463927
01/05/2022,GKONGU,11817.259615384615,24.86835119493418,0.1982306134126757
01/05/2022,Karids,1782.3125,164.8845319084602,1.3143276627496763
01/05/2022,KeaBabies,9745.25,30.155795108088295,0.24037788896278006
01/05/2022,MAPALOU,33994.81012658228,8.644724332415112,0.06890883089777222
01/05/2022,MyHappyRide,331.72727272727275,885.8956933538152,7.061652191438711
01/05/2022,Akapola,137.13868613138686,2142.909273576876,17.08155946725521
01/05/2022,PROLYR,5739.157407407408,51.205384591438154,0.40816838712091474
01/05/2022,Parenthings,955.1418439716313,307.6776126309318,2.452559938819002
01/05/2022,RAVIAN,45322.794871794875,6.484060903754662,0.05168574950068526
01/05/2022,Royal Rascals,2784.8508771929824,105.52657044721633,0.841173450829698
01/05/2022,Royal Rascals 2,4052.8899082568805,72.51017642457782,0.5779931543766121
01/05/2022,Soontrans,692.7465753424658,424.2182823232539,3.3815289830288577
01/05/2022,VASEN,3087.6106194690265,95.17902303614792,0.7586910757605106
01/05/2022,Zacro,533.1527777777778,551.2036596751768,4.393754886129323
01/05/2022,crazy bean,15487.125,18.975488496224926,0.1512574233380652
01/05/2022,Amoever,545.2027972027972,539.021009768931,4.296644541137938
01/06/2022,BOHAICO,12752.603174603175,17.779037635487235,0.19338726242905327
01/06/2022,reer,18986.03448275862,11.941883493238063,0.12989500356275718
01/06/2022,naosummy,8111.444444444444,27.951743162956788,0.3040384525433894
01/06/2022,Chicco,898.4868421052631,252.34538912161517,2.744827081721062
01/06/2022,Funbliss,2500.926470588235,90.65800792550914,0.9861109655896826
01/06/2022,GKONGU,9146.274193548386,24.789220943281396,0.26963886765172285
01/06/2022,Karids,1096.0,206.8695363062991,2.250174285383724
01/06/2022,KeaBabies,11408.290322580646,19.874056969161696,0.21617533802581998
01/06/2022,MAPALOU,18069.42372881356,12.54766146361165,0.13648420966784713
01/06/2022,MyHappyRide,484.3066666666667,468.15174639698773,5.092209516244312
01/06/2022,Onco,43.013888888888886,5271.065175654722,57.33476048052969
01/06/2022,PERMUST,1244.4444444444443,182.19295590404772,1.98176063848438
01/06/2022,Amoever,686.9733333333334,330.04048452880824,3.589937042845761
01/06/2022,Akapola,212.19736842105263,1068.4817322607732,11.622156462784318
01/06/2022,Parenthings,4635.530303030303,48.91112709229584,0.5320191770008239
01/06/2022,RAVIAN,46839.153846153844,4.840587268856512,0.05265233921349054
01/06/2022,Royal Rascals,1643.5070422535211,137.95439019282855,1.5005661389798515
01/06/2022,Royal Rascals 2,5543.31746031746,40.90132189158787,0.44489442187554695
01/06/2022,Soontrans,803.0533333333333,282.333691151734,3.071017720010994
01/06/2022,VASEN,732.0131578947369,309.73351960472183,3.369052851281122
01/06/2022,Zacro,715.3066666666666,316.96756420328416,3.4477394545657276
01/06/2022,crazy bean,18643.543859649122,12.161261480035531,0.13228123554976184
01/06/2022,facaio,9849.344827586207,23.019704940848197,0.25039137728970695
01/06/2022,PROLYR,8482.349206349207,26.729506917964738,0.29074386785851364
01/06/2022,BEARTOP,43201.472727272725,5.248177839283977,0.0570858089109466
01/07/2022,BEARTOP,74691.51851851853,3.4083034941757715,0.033908244857283595
01/07/2022,Amoever,866.7710843373494,293.7008030748765,2.921945995261814
01/07/2022,Akapola,256.69135802469134,991.7410757843809,9.866550701892503
01/07/2022,reer,16849.383838383837,15.108645277107003,0.15031162699960107
01/07/2022,naosummy,11185.723214285714,22.758596710746268,0.22641882426106372
01/07/2022,facaio,6235.8740157480315,40.823686127889744,0.40614327555244073
01/07/2022,crazy bean,24274.90322580645,10.487018678670912,0.1043323746805223
01/07/2022,Zacro,1223.7283950617284,208.02930174642202,2.069624525269354
01/07/2022,VASEN,1022.2,249.04261744468891,2.4776543716378963
01/07/2022,Royal Rascals 2,5882.51304347826,43.27595394526078,0.4305401925961097
01/07/2022,Royal Rascals,1587.2905405405406,160.3810752033264,1.5955858325885184
01/07/2022,RAVIAN,47980.53571428572,5.305721575679802,0.052785119236052724
01/07/2022,Parenthings,9307.548672566372,27.351064443240567,0.2721079832924395
01/07/2022,PROLYR,623.4879518072289,408.3019773101724,4.062080576452438
01/07/2022,Soontrans,567.8363636363637,448.31817730325173,4.460190401455418
01/07/2022,Onco,42.79865771812081,5948.115598124853,59.17611518026508
01/07/2022,MyHappyRide,921.3742331288344,276.2952928339214,2.7487835101354743
01/07/2022,MAPALOU,5449.736842105263,46.71259749372021,0.46473038461612726
01/07/2022,KeaBabies,11889.017543859649,21.4123128856379,0.21302502829565645
01/07/2022,Karids,533.7134146341464,476.98138471274217,4.7453525229909435
01/07/2022,GKONGU,6577.0,38.706304325978564,0.3850780445017877
01/07/2022,Funbliss,6778.364406779661,37.55645879665911,0.37363855743062657
01/07/2022,Chicco,1140.9272727272728,223.12672300613306,2.2198244877030513
01/07/2022,BOHAICO,8936.947368421053,28.4852705356077,0.2833918780407586
01/07/2022,PERMUST,9745.477876106195,26.121999022348096,0.2598803599870447
01/08/2022,PROLYR,761.112426035503,346.32546202317315,2.6194813576148626
01/08/2022,Parenthings,9948.495652173913,26.49572576741533,0.2004041496076203
01/08/2022,RAVIAN,48889.33720930233,5.391617633715213,0.04078025853599974
01/08/2022,Royal Rascals,1672.820512820513,157.5737567647858,1.191831278830653
01/08/2022,Royal Rascals 2,6622.282051282052,39.80389396843843,0.3010623521634877
01/08/2022,facaio,12743.820512820514,20.683955202691752,0.15644600526532076
01/08/2022,VASEN,1563.5859872611466,168.58210213308794,1.2750944478220336
01/08/2022,Zacro,652.710843373494,403.8428582493931,3.0545222762726114
01/08/2022,crazy bean,13528.38392857143,19.484412476025774,0.14737309508479876
01/08/2022,PERMUST,2109.6689189189187,124.94501399461271,0.9450391922495048
01/08/2022,Soontrans,782.5906432748538,336.82055217947106,2.547589634736798
01/08/2022,Onco,28.06896551724138,9390.891603625783,71.0293298776678
01/08/2022,Akapola,274.3391812865497,960.8274376345787,7.267353506339156
01/08/2022,MENZATA,19974.943396226416,13.196163181524739,0.09981103683255825
01/08/2022,MAPALOU,3383.4444444444443,77.90658807214587,0.5892574398030012
01/08/2022,KeaBabies,11612.57264957265,22.69889890488858,0.1716863154455607
01/08/2022,Karids,1207.012048192771,218.3844088325335,1.6517812013841682
01/08/2022,GKONGU,11256.188034188035,23.41757367571712,0.1771221131873032
01/08/2022,Funbliss,12961.991452991453,20.33581132608216,0.15381277007314312
01/08/2022,Chicco,950.327380952381,277.370322987181,2.0979294620039175
01/08/2022,BOHAICO,15280.93043478261,17.249775052854865,0.1304711005365809
01/08/2022,BEARTOP,57759.65882352941,4.563610969442649,0.03451751363595043
01/08/2022,Amoever,747.046783625731,352.8461916655318,2.668801813686505
01/08/2022,reer,12213.705357142857,21.58170717980917,0.16323627865175636
01/08/2022,MyHappyRide,1730.9801324503312,152.27939804553895,1.151786651777893
01/08/2022,naosummy,14936.594827586207,17.64743675790803,0.13347887079100823
01/09/2022,BEARTOP,79402.63636363637,3.262111874528393,0.03568869757342424
01/09/2022,BOHAICO,14574.932584269663,17.77162820157617,0.19442811548732764
01/09/2022,Chicco,198.92857142857142,1302.0768263229784,14.24519693357327
01/09/2022,Funbliss,2936.681818181818,88.20168441368459,0.9649587020867202
01/09/2022,GKONGU,13125.195652173914,19.734584520862125,0.21590357590174597
01/09/2022,Karids,2583.5631067961167,100.25699866564896,1.0968482512620217
01/09/2022,KeaBabies,13466.315217391304,19.234681408330765,0.2104344529270091
01/09/2022,MAPALOU,4840.619565217391,53.5097376401745,0.5854161099700328
01/09/2022,MyHappyRide,1526.438596491228,169.68929084083643,1.8564629341974854
01/09/2022,Onco,58.72477064220183,4410.750014314001,48.25521913027171
01/09/2022,PERMUST,1731.6666666666667,149.5786042063589,1.6364446635501808
01/09/2022,MENZATA,9740.072289156626,26.593260836373755,0.2909400045078893
01/09/2022,Akapola,366.392,706.9485222130346,7.734275518336636
01/09/2022,PROLYR,517.624,500.40238271540375,5.474585173242347
01/09/2022,RAVIAN,49875.0,5.193389131843171,0.05681757745793276
01/09/2022,Royal Rascals,2112.577981651376,122.60862566985821,1.3413832295550427
01/09/2022,Royal Rascals 2,8112.141304347826,31.92995205986517,0.34932535928529634
01/09/2022,Soontrans,743.8809523809524,348.20125736736173,3.809449168773954
01/09/2022,VASEN,692.7301587301587,373.91223651282536,4.090736688740364
01/09/2022,Zacro,899.944,287.81822307907845,3.1488366784093196
01/09/2022,crazy bean,9269.91304347826,27.942040204239987,0.30569614433525544
01/09/2022,facaio,7019.79381443299,36.89855995743374,0.40368374778872185
01/09/2022,naosummy,9922.802197802197,26.103541901505267,0.28558230016336017
01/09/2022,reer,13608.868131868132,19.033198091186268,0.20823015171103693
01/09/2022,Parenthings,10728.75,24.142633853028375,0.26412924858109255
01/09/2022,Amoever,964.0901639344262,268.6681107642706,2.939327442310821
01/10/2022,KeaBabies,13862.333333333334,19.27470122449071,0.2150807669864154
01/10/2022,MAPALOU,7043.443181818182,37.934902912828754,0.42330451294774846
01/10/2022,Akapola,430.76271186440675,620.2773032926856,6.921493442759254
01/10/2022,MENZATA,1886.9901960784314,141.59709670436078,1.5800406868837598
01/10/2022,MyHappyRide,3971.277777777778,67.28119971094344,0.7507712762472801
01/10/2022,Onco,75.01785714285714,3561.7164159392305,39.74415424686084
01/10/2022,PERMUST,2522.03125,105.94330790877326,1.1821904607861957
01/10/2022,PROLYR,567.5042016806723,470.8200088792368,5.253743103090452
01/10/2022,Parenthings,11404.413793103447,23.42885290920228,0.2614357335365795
01/10/2022,RAVIAN,8030.535353535353,33.27204495235426,0.3712730414968043
01/10/2022,Royal Rascals,2106.381443298969,126.8489779590099,1.4154707330145728
01/10/2022,Royal Rascals 2,7903.540229885058,33.80666454558987,0.37723870554626715
01/10/2022,Soontrans,319.36206896551727,836.6439199864656,9.335865386933634
01/10/2022,Zacro,695.8706896551724,383.9683683281749,4.284590987776953
01/10/2022,VASEN,1045.6814159292035,255.51982583229562,2.85127118081684
01/10/2022,facaio,10841.666666666666,24.64495003298678,0.2750058065077342
01/10/2022,naosummy,6404.146067415731,41.72177374806797,0.46556109966395887
01/10/2022,reer,26070.402777777777,10.248876304360405,0.11436422026038325
01/10/2022,Karids,8416.816091954022,31.745060169452724,0.3542338638484502
01/10/2022,GKONGU,10180.367816091954,26.245842792826355,0.29286970170584997
01/10/2022,Funbliss,181.8,1469.7048034889897,16.400007071257892
01/10/2022,Chicco,705.0683760683761,378.95946314345343,4.228698076320392
01/10/2022,BOHAICO,7041.647727272727,37.94457542081327,0.4234124456421007
01/10/2022,BEARTOP,117050.84905660378,2.282703076720859,0.025472017585390364
01/10/2022,Amoever,1308.6283185840707,204.17740429413837,2.278356079578559
01/10/2022,crazy bean,17125.79487179487,15.601747847298327,0.17409535194568207
01/11/2022,Chicco,1357.5316455696202,167.06199225661973,2.737429931125523
01/11/2022,BEARTOP,28688.94623655914,7.905202909518536,0.129532389526973
01/11/2022,BOHAICO,6659.586206896552,34.05495990507734,0.5580148140711785
01/11/2022,Funbliss,394.49101796407183,574.8976045911473,9.420107403740207
01/11/2022,crazy bean,34074.402298850575,6.6557863369453285,0.10905980760688852
01/11/2022,reer,32436.543478260868,6.991865252605145,0.11456670041069404
01/11/2022,naosummy,12908.634782608695,17.56901059481644,0.28788077295664033
01/11/2022,facaio,6839.358974358975,33.15982420436185,0.5433473769931287
01/11/2022,Zacro,783.6666666666666,289.3984788518947,4.7420005432144166
01/11/2022,VASEN,3316.9919354838707,68.37277439059693,1.1203366879727628
01/11/2022,Royal Rascals 2,8989.051724137931,25.229796002983615,0.4134082073477835
01/11/2022,Royal Rascals,2824.3064516129034,80.30004716051685,1.3157735616509136
01/11/2022,RAVIAN,2537.891304347826,89.3623540424037,1.464265925284503
01/11/2022,Parenthings,6675.416,33.97420344443974,0.5566915618490837
01/11/2022,PROLYR,551.7543859649123,411.03785856392,6.735148561680278
01/11/2022,PERMUST,2961.126865671642,76.58974152356261,1.2549775567246655
01/11/2022,Onco,84.44099378881988,2685.803791313216,44.00881126915856
01/11/2022,MyHappyRide,5507.347457627118,41.17988614395198,0.6747618136723652
01/11/2022,MENZATA,12193.48275862069,18.599439204515065,0.3047650808711792
01/11/2022,MAPALOU,11598.724137931034,19.55318003629346,0.3203928048326914
01/11/2022,KeaBabies,14470.5,15.672709392230272,0.2568085248631605
01/11/2022,Karids,7990.853448275862,28.38144169809567,0.46505017055896253
01/11/2022,GKONGU,11560.155172413793,19.618416697508167,0.3214617540688619
01/11/2022,Amoever,1362.620253164557,166.43811122986415,2.727207195403093
01/11/2022,Soontrans,776.672619047619,292.0045533964719,4.784702933894109
01/11/2022,ANSTA,8986.111111111111,25.238052195887647,0.41354349095877935
01/11/2022,Akapola,261.3333333333333,867.8263058428629,14.219953159562618
01/12/2022,crazy bean,34511.1,6.379521707727147,0.0749092805473858
01/12/2022,ANSTA,6792.744680851064,32.41168657909249,0.3805827825660283
01/12/2022,Akapola,187.58510638297872,1173.6769291163716,13.78148682348411
01/12/2022,Amoever,2062.4315789473685,106.74987420426845,1.2534726961552494
01/12/2022,BEARTOP,16860.659574468085,13.057870638758093,0.15332743422526773
01/12/2022,BOHAICO,8426.340425531915,26.128105498852356,0.30680005095280666
01/12/2022,Chicco,1534.0842105263157,143.51514088787087,1.685175855510534
01/12/2022,Funbliss,592.0631578947368,371.859502946281,4.36642888081631
01/12/2022,GKONGU,9530.074468085106,23.10205574414366,0.27126773044180996
01/12/2022,Karids,7648.414893617021,28.785613054448746,0.33800489485165924
01/12/2022,KeaBabies,14886.521276595744,14.78950706594426,0.17366056339591454
01/12/2022,MAPALOU,11936.925531914894,18.44397127375093,0.21657181868036451
01/12/2022,facaio,6851.340425531915,32.13448725844761,0.3773278674440089
01/12/2022,MENZATA,11560.608695652174,19.044352888645378,0.22362158775178975
01/12/2022,Onco,46.172413793103445,4768.3084664815,55.99017810684668
01/12/2022,PERMUST,2906.0,75.76197921801182,0.8896082835164782
01/12/2022,PROLYR,1080.6979166666667,203.72419360872183,2.392159392582851
01/12/2022,Parenthings,2049.2340425531916,107.43736783390254,1.261545347293723
01/12/2022,RAVIAN,7972.351648351649,27.615980995151308,0.32427090348346566
01/12/2022,Royal Rascals,4063.81914893617,54.17670017751088,0.636150767825296
01/12/2022,Royal Rascals 2,9063.448275862069,24.29145121221552,0.2852337866575395
01/12/2022,Soontrans,762.3125,288.8110999197079,3.391262339131112
01/12/2022,VASEN,3425.904255319149,64.2645839461828,0.7546041801620794
01/12/2022,Wismika,19896.402597402597,11.065533607381065,0.12993312028358206
01/12/2022,Zacro,277.2916666666667,793.9809885170572,9.32304134118306
01/12/2022,naosummy,6475.5053763440865,33.9995566078646,0.3992277855784019
01/12/2022,MyHappyRide,5058.170212765957,43.526473476887986,0.5110942422171318
01/12/2022,reer,23706.107526881722,9.28724006494467,0.10905213641536793
01/01/2023,RAVIAN,5923.786516853933,33.0676553655438,0.46791130206689563
01/01/2023,Royal Rascals,3320.736263736264,58.988644517641944,0.8346964173387255
01/01/2023,Royal Rascals 2,7987.117647058823,24.525209174865974,0.3470346606561048
01/01/2023,reer,25488.527472527472,7.6852509902549,0.1087472261885276
01/01/2023,naosummy,11903.593406593407,16.456016625188134,0.23285461520654252
01/01/2023,facaio,6958.802197802198,28.14934602685613,0.3983166331617913
01/01/2023,VASEN,3633.1758241758243,53.91584125792126,0.7629156408625561
01/01/2023,Zacro,1009.8791208791209,193.96948302868006,2.744691522936457
01/01/2023,Wismika,5828.417582417583,33.60873311296427,0.4755676172944562
01/01/2023,ANSTA,8990.087912087913,21.789078473303526,0.3083180820223707
01/01/2023,Akapola,226.95604395604394,863.0998654361434,12.212966942639687
01/01/2023,Amoever,2794.065934065934,70.10776968792838,0.9920333763326418
01/01/2023,BEARTOP,16445.384615384617,11.911289129421172,0.16854617432750257
01/01/2023,BOHAICO,8415.846153846154,23.275821280176157,0.32935567162200224
01/01/2023,crazy bean,26184.0,7.4811232431401224,0.10585879400654769
01/01/2023,Funbliss,314.1777777777778,623.4869072660308,8.822414754706111
01/01/2023,Parenthings,3572.131868131868,54.83720596821755,0.7759530623702947
01/01/2023,Chicco,1115.868131868132,175.5455912791762,2.4839912379494353
01/01/2023,PROLYR,1375.2747252747254,142.43389149702492,2.0154567020881937
01/01/2023,PERMUST,3070.1758241758243,63.80277294085125,0.9028169137549391
01/01/2023,Onco,51.01149425287356,3840.0312295761933,54.336903924575864
01/01/2023,MyHappyRide,4261.021978021978,45.97153734684882,0.6505027846756505
01/01/2023,MENZATA,1481.131868131868,132.25407893319388,1.871411129492128
01/01/2023,Soontrans,541.934065934066,361.4567588785114,5.114656627997758
01/01/2023,KeaBabies,12711.78021978022,15.409779559716755,0.21805023484864564
01/01/2023,GKONGU,11665.912087912087,16.791291544306482,0.23759879565177922
01/01/2023,Karids,5719.626373626374,34.247994222424175,0.484613238908131
01/01/2023,JUPPLIES,2007.4727272727273,97.57827757117455,1.380744368085693
01/01/2023,MAPALOU,12887.835164835165,15.199273461602065,0.2150715482325845
01/02/2023,KeaBabies,10499.653333333334,19.503191434353564,0.1653226765401734
01/02/2023,MAPALOU,17145.586666666666,11.94340869959627,0.10124067642347341
01/02/2023,MENZATA,1495.7083333333333,136.90954605968088,1.1605409645222409
01/02/2023,MyHappyRide,4333.706666666667,47.25210188530261,0.4005418283526234
01/02/2023,Onco,31.796875,6440.153284067962,54.59123866136593
01/02/2023,PERMUST,6093.653333333334,33.60492265521316,0.2848588025700981
01/02/2023,PROLYR,761.421052631579,268.9402246583688,2.2797252398148737
01/02/2023,Parenthings,7052.894736842105,29.03442580599695,0.24611607808963679
01/02/2023,Royal Rascals,4047.7027027027025,50.59085708483887,0.42884345005170055
01/02/2023,Royal Rascals 2,8395.472972972973,24.391329662256506,0.2067579512671499
01/02/2023,Soontrans,543.2105263157895,376.9749278299217,3.1955028625522504
01/02/2023,VASEN,4766.6621621621625,42.96019772071733,0.36416065010641435
01/02/2023,Zacro,400.94736842105266,510.73224338837247,4.329323319034101
01/02/2023,crazy bean,26507.093333333334,7.725356619800958,0.0654855200448466
01/02/2023,facaio,12477.815789473685,16.411265594023167,0.13911335293753663
01/02/2023,reer,18293.2,11.194145854981551,0.09488940107857674
01/02/2023,naosummy,10095.430555555555,20.28410257764183,0.17194222497577238
01/02/2023,RAVIAN,105.91891891891892,1933.3349607835914,16.388297855828768
01/02/2023,Wismika,8226.222222222223,24.89317008737825,0.21101190132226996
01/02/2023,ANSTA,4035.907894736842,50.73870719928825,0.4300967309175432
01/02/2023,Amoever,3097.3733333333334,66.11303414754066,0.5604202674343272
01/02/2023,Karids,1769.7236842105262,115.7111422429199,0.9808484834653575
01/02/2023,JUPPLIES,9369.16,21.856468344477893,0.18527069575187316
01/02/2023,GKONGU,14935.853333333333,13.710415092074765,0.11621905712857071
01/02/2023,Funbliss,275.24657534246575,743.9756469251699,6.306457363369096
01/02/2023,Chicco,1860.8783783783783,110.04305887674225,0.932801848836178
01/02/2023,BOHAICO,8510.666666666666,24.061187798176622,0.20395943817295395
01/02/2023,BEARTOP,19324.546666666665,10.596716833082166,0.08982517529401053
01/02/2023,Akapola,323.29487179487177,633.4054970234042,5.36918752275165
01/03/2023,Chicco,2413.8571428571427,88.67070091337715,0.6334064973712138
01/03/2023,BOHAICO,15394.5,13.903563270122758,0.09931811997866956
01/03/2023,BEARTOP,22013.5,9.72305198000794,0.06945523419772541
01/03/2023,Royal Rascals 2,7139.428571428572,29.979766954804976,0.21415618669123976
01/03/2023,Akapola,332.0,644.6939902467012,4.605279512083219
01/03/2023,ANSTA,3149.3333333333335,67.96308364582073,0.4854845886997126
01/03/2023,Funbliss,79.66666666666667,2686.674536760311,19.191876125668976
01/03/2023,Amoever,4340.666666666667,49.31003027842991,0.3522391640327818
01/03/2023,GKONGU,17843.5,11.995315087393436,0.08568682142021623
01/03/2023,JUPPLIES,15816.142857142857,13.532907909038085,0.0966703963046923
01/03/2023,Karids,410.5,521.40902499855,3.7246109573973887
01/03/2023,Soontrans,588.1666666666666,363.9077439987047,2.5995230343071043
01/03/2023,VASEN,7404.285714285715,28.907367033249727,0.20649565089873428
01/03/2023,Wismika,14108.714285714286,15.170652720540836,0.10836939263556868
01/03/2023,Zacro,262.1666666666667,816.4211243302153,5.831987786439777
01/03/2023,crazy bean,6822.333333333333,31.373196574276363,0.22410995231518469
01/03/2023,facaio,12624.333333333334,16.954432294397442,0.12111156745002734
01/03/2023,naosummy,14682.42857142857,14.577861129759903,0.10413487050683908
01/03/2023,Royal Rascals,2564.4285714285716,83.46436595918519,0.5962157866459471
01/03/2023,reer,27498.166666666668,7.783733634190333,0.05560199036341677
01/03/2023,Parenthings,6354.5,33.68296557744981,0.24060945755159782
01/03/2023,PROLYR,667.0,320.89715856357543,2.292283055489698
01/03/2023,PERMUST,5254.0,40.73818134029402,0.29100738447118923
01/03/2023,MyHappyRide,4211.0,50.82840293562214,0.36308544241549007
01/03/2023,MENZATA,680.8571428571429,314.3661001538677,2.245629371817331
01/03/2023,MAPALOU,13836.333333333334,15.469300977756976,0.11050274383952602
01/03/2023,KeaBabies,6985.833333333333,30.638922308754115,0.2188647688910836
01/03/2023,RAVIAN,531.3333333333334,402.8326312959312,2.8775774115651727
01/03/2023,Onco,29.428571428571427,7273.149676375406,51.954706728550484
